번호,지역,도서관명,주소,운영상태,홈페이지
513,서울,서울 광진아차산숲속도서관,서울특별시 광진구 워커힐로 127 ,시행중 ,https://www.gwangjinlib.seoul.kr 
512,서울,서울 동대문휘경행복도서관,서울특별시 동대문구 장안벚꽃로 323 ,시행중 ,https://www.l4d.or.kr/hgh/ 
511,서울,서울 도봉원당마을한옥도서관,서울특별시 도봉구 해등로32가길 17 ,시행중 ,https://www.unilib.dobong.kr/main.do 
510,서울,서울 구로미래도서관,서울특별시 구로구 새말로 111 구로미래도서관 ,시행중 ,https://lib.guro.go.kr/#/about/gulib/lib13 
509,서울,서울 강남논현문화마루도서관,"서울특별시 강남구 논현로131길 40,  4~ 5층 ",시행중 ,https://library.gangnam.go.kr/nmmlib/index.do 
508,서울,서울 중랑구행복터작은도서관,서울특별시 중랑구 답십리로81길 35 ,시행중 ,https://www.jungnanglib.seoul.kr/intro/menu/10089/program/30058/smallLibList.do?libType=G 
507,서울,서울 광진군자동도서관,"서울특별시 광진구 면목로 13, 군자동복합청사 1층 ",시행중 ,https://www.gwangjinlib.seoul.kr 
506,서울,서울 폭포책방아름인도서관,서울특별시 서대문구 연희로 262-32 ,시행중 ,https://lib.sdm.or.kr 
505,서울,서울 중랑구장미마을소망작은도서관,서울특별시 중랑구 묵동 240-75번지 ,시행중 , 
504,서울,서울 동작구신대방누리도서관,서울특별시 동작구 시흥대로 606 ,시행중 ,https://lib.dongjak.go.kr 
503,서울,서울 용두어울림작은도서관,서울특별시 동대문구 무학로 89 1층 ,시행중 ,https://www.l4d.or.kr/small/index.do 
502,서울,서울 강동구북카페도서관다독다독강일점,"서울특별시 강동구 강동구 아리수로93가길 110, 1층 작은도서관 ",시행중 ,https://gdlibrary.or.kr/gdbookcafe/index.do 
501,서울,서울 원지공원도서관,서울특별시 영등포구 도림로47길 23 원지공원도서관 ,시행중 ,https://www.ydplib.or.kr 
500,서울,서울 구로구고척열린도서관,"서울특별시 구로구 경인로43길 49 MD동 3,4층 고척열린도서관 ",시행중 ,https://lib.guro.go.kr/#/ 
499,서울,서울 양천구모새미작은도서관,서울특별시 양천구 목동중앙서로7길 16-18 모새미작은도서관 ,시행중 ,https://lib.yangcheon.or.kr/small/ 
498,서울,서울 영등포조롱박작은도서관,서울특별시 영등포구 대림동  8길조롱박작은도서관 ,시행중 ,https://www.ydplib.or.kr/jlblib/index.do 
497,서울,서울 구로구항동푸른도서관,서울특별시 구로구 연동로 290-46 항동푸른도서관 ,시행중 ,https://www.instagram.com/hdlibrary/ 
496,서울,서울 강서구솔뫼작은도서관,서울특별시 강서구 가로공원로77길 30 2층 ,시행중 , 
495,서울,서울 강서구가람작은도서관,서울특별시 강서구 양천로57길 36 ,시행중 , 
494,서울,서울 강서구초록동작은도서관 ,"서울특별시 강서구 초록마을로14길 36, 2층 ",시행중 , 
493,서울,서울 강서구꿈자람책놀이터작은도서관 ,서울특별시 강서구 개화동로21길 4 방화11사회복지관 1층 ,시행중 , 
492,서울,서울 강서구해뜰작은도서관 ,서울특별시 강서구 방화대로48길 40 방화2종합사회복지관 3층 ,시행중 , 
491,서울,서울 강서구옹기종기작은도서관 ,서울특별시 강서구 공항대로61길 50 염창지역정보센터 내 ,시행중 , 
490,서울,서울 강서구수명산작은도서관 ,서울특별시 강서구 수명로1길 131 내발산동공공기숙사 ,시행중 , 
489,서울,서울 강서구방그리나작은도서관 ,서울특별시 강서구 금낭화로24길 5 방화3동주민센터 2층 ,시행중 , 
488,서울,서울 강서구채움작은도서관 ,서울특별시 강서구 개화동로23길 20 방화2동주민센터 2층 ,시행중 , 
487,서울,서울 강서구글벗누리작은도서관 ,서울특별시 강서구 방화동로 124 방화1동주민센터 2층 ,시행중 , 
486,서울,서울 강서구송정작은도서관 ,서울특별시 강서구 송정로 45 공항동주민센터 2층 ,시행중 , 
485,서울,서울 강서구책향기작은도서관 ,서울특별시 강서구 강서로47길 54 발산1동주민센터 2층 ,시행중 , 
484,서울,서울 강서구도리샘작은도서관 ,서울특별시 강서구 허준로 202 가양3동주민센터 2층 ,시행중 , 
483,서울,서울 강서구허준마을작은도서관 ,서울특별시 강서구 허준로 93 가양2동주민센터 2층 ,시행중 , 
482,서울,서울 강서구도란도란쉼터작은도서관 ,서울특별시 강서구 허준로 30 가양1동주민센터 2층 ,시행중 , 
481,서울,서울 강서구내발산작은도서관 ,서울특별시 강서구 강서로52길 89 내발산문화센터 5층 ,시행중 , 
480,서울,서울 강서구배다리작은도서관 ,서울특별시 강서구 곰달래로25길 45 화곡8동주민센터 2층 ,시행중 , 
479,서울,서울 강서구역마을작은도서관 ,서울특별시 강서구 화곡로 312 화곡6동주민센터 2층 ,시행중 , 
478,서울,서울 강서구볏고을작은도서관 ,서울특별시 강서구 곰달래로57가길 26 화곡4동주민센터2층 ,시행중 , 
477,서울,서울 강서구책마루작은도서관 ,서울특별시 강서구 강서로33가길 17 화곡3동주민센터 2층 ,시행중 , 
476,서울,서울 강서구옹달샘작은도서관 ,서울특별시 강서구 곰달래로37길 13 화곡2동주민센터 2층 ,시행중 , 
475,서울,서울 강서구꿈터작은도서관 ,서울특별시 강서구 곰달래로 79 화곡1동주민센터 3층 ,시행중 , 
474,서울,서울 강서구초록향기작은도서관 ,서울특별시 강서구 초록마을로5길 29 화곡본동주민센터 2층 ,시행중 , 
473,서울,서울 강서구큰마음작은도서관 ,서울특별시 강서구 화곡로63길 96 등촌3동주민센터 2층 ,시행중 , 
472,서울,서울 강서구등마루골작은도서관 ,서울특별시 강서구 등촌로 143 등촌2동주민센터 2층 ,시행중 , 
471,서울,서울 강서구생각열매작은도서관 ,서울특별시 강서구 공항대로53가길 55 등촌1동주민센터 2층 ,시행중 , 
470,서울,서울 강서구아리향기작은도서관 ,서울특별시 강서구 양천로67가길 63 염창동주민센터 2층 ,시행중 , 
469,서울,서울 강서구푸른들청소년도서관,서울특별시 강서구 강서로45다길 71 ,시행중 , 
468,서울,서울 강서구우장산숲속도서관 ,"서울특별시 강서구 우현로34, 4층 ",시행중 , 
467,서울,서울 강서구꿈꾸는어린이도서관 ,서울특별시 강서구 공항대로 615 ,시행중 , 
466,서울,서울 강서구길꽃어린이도서관 ,서울특별시 강서구 금낭화로24길 5 ,시행중 , 
465,서울,서울 강서구곰달래도서관 ,"서울특별시 강서구 강서로5길 50, 5-6층 ",시행중 , 
464,서울,서울 강서구강서영어도서관 ,"서울특별시 강서구 곰달래로57가길 26, 2층 ",시행중 , 
463,서울,서울 강서구가양도서관 ,서울특별시 강서구 양천로61길 101 ,시행중 , 
462,서울,서울 강서구등빛도서관 ,서울특별시 강서구 강서로62길 48 ,시행중 , 
461,서울,서울 강남구립개포하늘꿈도서관,서울특별시 강남구 개포로 110길 54 강남구립개포하늘꿈도서관 ,시행중 ,https://library.gangnam.go.kr/hnkklib 
460,서울,서울 제기동감초마을현진건기념도서관,서울특별시 동대문구 약령시로9길 45 4층~5층 ,시행중 ,https://www.l4d.or.kr/jghl 
459,서울,서울 서초구립방배숲환경도서관,서울특별시 서초구 방배동 126-1 서초구립방배숲환경도서관 ,시행중 ,https://forest.seocholib.or.kr 
458,서울,서울 마포나루메타버스도서관,서울특별시 마포구 마포대로 8 호텔 나루 1층 ,시행중 , 
457,서울,서울 강남일원라온영어도서관,서울특별시 강남구 영동대로 22  일원스포츠문화센터 지하1층 ,시행중 ,https://library.gangnam.go.kr/englib 
456,서울,서울 영등포생각공장도서관,서울특별시 영등포구 문래북로 105 영등포생각공장도서관 ,시행중 ,https://www.ydplib.or.kr/sglib/index.do 
455,서울,서울 강동구립북카페도서관다독다독굽은다리역점,서울특별시 강동구 양재대로 1548 3층 ,시행중 ,https://www.gdlibrary.or.kr 
454,서울,서울 영등포구밤동산마을도서관,서울특별시 영등포구 여의대방로 61길 18-2 ,시행중 ,https://www.ydplib.or.kr/bdslib/index.do 
453,서울,서울 까망돌도서관,서울특별시 동작구 흑석동 340-1 ,시행중 ,https://lib.dongjak.go.kr 
452,서울,서울 강남세곡마루도서관(작은도서관),"서울특별시 강남구 헌릉로 590길 68, 2층(세곡동) ",시행중 , 
451,서울,서울 강동구북카페도서관다독다독고덕점,서울특별시 강동구 고덕동 225-2 ,시행중 ,https://www.gdlibrary.or.kr 
450,서울,서울 구로구기적의도서관,서울특별시 구로구 구로중앙로40길 24 ,시행중 ,https://lib.guro.go.kr 
449,서울,서울 영등포늘샘드리마을도서관,서울특별시 영등포구 도영로7길 10 ,시행중 ,https://www.ydplib.or.kr/small/index.do 
448,서울,서울 동작구양문작은도서관,서울특별시 동작구 시흥대로 646 ,시행중 ,https://lib.dongjak.go.kr 
447,서울,서울 강동북카페도서관다독다독암사시장점,"서울특별시 강동구 암사동 500-23, 7층 ",시행중 ,https://www.gdlibrary.or.kr 
446,서울,서울 마포소금나루도서관,서울특별시 마포구 숭문길 72 ,시행중 , 
445,서울,서울 도봉구김근태기념도서관,서울특별시 도봉구 도봉산길 14(도봉동279) ,시행중 , 
444,서울,서울 강동구립북카페도서관다독다독고분다리시장점,"서울특별시 강동구 구천면로34길 16, 1층 ",시행중 ,https://www.gdlibrary.or.kr 
443,서울,서울 서초청소년도서관,서울특별시 서초구 효령로 77길 37  ,시행중 ,http:seocho.seocholib.or.kr 
442,서울,서울 양천중앙도서관,"서울특별시 양천구 신정동 1319-4, 5 ",시행중 ,http://lib.yangcheon.go.kr 
441,서울,서울 강동구립북카페도서관다독다독길동사거리점,"서울특별시 강동구 양재대로 1419, 2층 ",시행중 ,http://www.gdlibrary.or.kr 
440,서울,서울 동작구김영삼도서관,서울특별시 동작구 매봉로 1 ,시행중 ,http://lib.dongjak.go.kr 
439,서울,서울 양천구방아다리문학도서관,서울특별시 양천구 화곡로4길 10 ,시행중 ,http://www.yangcheon.go.kr/lib/libmain/main.do 
438,서울,서울 성동구립매봉산숲속도서관,서울특별시 성동구 매봉길 49-29 ,시행중 ,https://www.sdlib.or.kr/CG 
437,서울,서울 강동구립둔촌도서관,서울특별시 강동구 동남로49길 21-8 ,시행중 ,http://www.gdlibrary.or.kr 
436,서울,서울 용답동어린이작은도서관,서울특별시 성동구 용답중앙23길20 ,시행중 ,https://www.sdlib.or.kr/small 
435,서울,"서울 금호2,3가동어린이작은도서관",서울특별시 성동구 무수막길18길1 ,시행중 ,https://www.sdlib.or.kr/small 
434,서울,서울 사근동어린이놀이터도서관,서울특별시 성동구 사근동길 37 사근동 공공복합청사 지하1층 ,시행중 ,https://www.sdlib.or.kr/small 
433,서울,서울 강동늘솔길작은도서관,"서울특별시 강동구 양재대로156길 123, 5층 늘솔길작은도서관 (고덕동) ",시행중 ,http://www.gdlibrary.or.kr/small 
432,서울,서울 강동게냇골작은도서관,"서울특별시 강동구 고덕로80길 111, 1층 (상일동) ",시행중 ,http://www.gdlibrary.or.kr/small 
431,서울,서울 강동책꾸러미작은도서관,"서울특별시 강동구 상암로 260, 2층 (명일동) ",시행중 ,http://www.gdlibrary.or.kr/small 
430,서울,서울 왕십리도선동희망문고,"서울특별시 성동구 마장로 141, 왕십리도선동공공복합청사 2층(상왕십리동) ",시행중 ,https://www.sdlib.or.kr/small 
429,서울,서울 서대문구논골작은도서관,"서울특별시 서대문구 연희로41가길 33, 청년미래공동체주택 101동 1층 ",시행중 , 
428,서울,서울 구로구구로5동새마을작은도서관,서울특별시 구로구 구로중앙로28길 66 ,시행중 ,http://lib.guro.go.kr/ 
427,서울,서울 구로구서서울생활과학고등학교,서울특별시 구로구 오리로 1355-10 ,시행중 ,http://lib.guro.go.kr/ 
426,서울,서울 구로구고척1동새마을작은도서관,서울특별시 구로구 중앙로3길 18-8 ,시행중 ,http://lib.guro.go.kr/ 
425,서울,서울 답십리1동작은도서관,서울특별시 동대문구 사가정로 30 답십리1동 주민센터 3층 ,시행중 , 
424,서울,서울 송정동늘푸른작은도서관,서울특별시 성동구 송정14길19 ,시행중 ,https://www.sdlib.or.kr/small 
423,서울,서울 성수2가제3동작은도서관,서울특별시 성동구 광나루로2길35 ,시행중 ,https://www.sdlib.or.kr/small 
422,서울,서울 성수2가제1동어린이작은도서관,서울특별시 성동구 뚝섬로 385-19 ,시행중 ,https://www.sdlib.or.kr/small 
421,서울,서울 성수1가제2동어린이작은도서관,서울특별시 성동구 성수 1가 제2동 공공 복합청사 지하1층 ,시행중 ,https://www.sdlib.or.kr/small 
420,서울,서울 성수1가제1동작은도서관,서울특별시 성동구 뚝섬로 3길 18 ,시행중 ,https://www.sdlib.or.kr/small 
419,서울,서울 성동구옥수동북카페,서울특별시 성동구 독서당로 205-1 ,시행중 ,https://www.sdlib.or.kr/small 
418,서울,서울 금호4가동어린이작은도서관,서울특별시 성동구 독서당로 46길 26 ,시행중 ,https://www.sdlib.or.kr/small 
417,서울,서울 금호1가동북카페책단지꿀단지,서울특별시 성동구 독서당로 424 ,시행중 ,https://www.sdlib.or.kr/small 
416,서울,서울 응봉동작은도서관,서울특별시 성동구 독서당로 442 ,시행중 ,https://www.sdlib.or.kr/small 
415,서울,서울 행당제2동어린이작은도서관,서울특별시 성동구 행당로9길9 ,시행중 ,https://www.sdlib.or.kr/small 
414,서울,서울 마장동작은도서관,서울특별시 성동구 마장로42길11 ,시행중 ,https://www.sdlib.or.kr/small 
413,서울,서울 왕십리제2동작은도서관,서울특별시 성동구 무학봉길69 ,시행중 ,https://www.sdlib.or.kr/small 
412,서울,서울 성동구립청계도서관,서울특별시 성동구 마장로 141 ,시행중 ,https://www.sdlib.or.kr/CG 
411,서울,서울 성동구립성수도서관,서울특별시 성동구 뚝섬로1길 43(성수동) ,시행중 ,https://www.sdlib.or.kr/SS 
410,서울,서울 성동구립무지개도서관,서울특별시 성동구 고산자로 270(행당동) ,시행중 ,https://www.sdlib.or.kr/RB 
409,서울,서울 성동구립용답도서관,서울특별시 성동구 용답중앙3길 10(용답동) ,시행중 ,https://www.sdlib.or.kr/YD 
408,서울,서울 성동구립금호도서관,서울특별시 성동구 난계로 20(금호동) ,시행중 ,https://www.sdlib.or.kr/KH 
407,서울,서울 성동구립도서관,서울특별시 성동구 고산자로10길 9(행당동) ,시행중 ,https://www.sdlib.or.kr/SD 
406,서울,서울 용산구청소년푸르미르작은도서관,서울특별시 용산구 이촌로71길24(총소년수련관) 5층 ,시행중 ,http://lib.yongsan.go.kr/ 
405,서울,서울 영등포제1스포츠센터작은도서관,서울특별시 영등포구 신풍로 1 ,시행중 , 
404,서울,서울 장안꿈마루어린이작은도서관,서울특별시 동대문구 한천로28길 5 ,시행중 ,https://www.l4d.or.kr 
403,서울,서울 광진자양한강도서관,서울특별시 광진구 뚝섬로 52길 74 ,시행중 , 
402,서울,서울 은평구립은뜨락도서관,서울특별시 은평구 통일로 972 ,시행중 ,http:www.edlib.or.kr 
401,서울,서울 서초구립양재도서관,서울특별시 서초구 양재천로33 ,시행중 ,http:yangjae.seocholib.or.kr 
400,서울,서울 쌍문채움도서관,서울특별시 도봉구 우이천로 340 ,시행중 , 
399,서울,서울 강북청소년문화정보도서관,서울특별시 강북구 삼양로54길 68 (미아동) ,시행중 ,https://www.gblib.or.kr 
398,서울,서울 강남도곡정보문화도서관,서울특별시 강남구 도곡로 18길 57 ,시행중 ,http:library.gangnam.go.kr 
397,서울,서울 자양3동새마을작은도서관,서울특별시 광진구 뚝섬로 568(자양동) ,시행중 ,http://smalllib.gwangjin.go.kr 
396,서울,서울 동대문구배봉산숲속도서관,서울특별시 동대문구 전농로16길 97 ,시행중 ,https://www.l4d.or.kr 
395,서울,서울 중랑구상봉도서관,서울특별시 중랑구 동일로114길 10 ,시행중 ,http:www.jungnanglib.seoul.krsblib 
394,서울,서울 용산구별밭작은도서관,서울특별시 용산구 대사관로34길 49 4층 ,시행중 ,http://lib.yongsan.go.kr/ 
393,서울,서울 교육청고덕평생학습관,서울특별시 강동구 고덕로 295 ,시행중 ,http:gdllc.sen.go.kr 
392,서울,서울 도봉구청행복작은도서관,서울특별시 도봉구 마들로 656 ,시행중 ,http:www.unilib.dobong.kr 
391,서울,서울 강남열린도서관,서울특별시 강남구 학동로 343 포바강남타워 B2(논현동) ,시행중 ,http://library.gangnam.go.kr 
390,서울,서울 강남역삼2동작은도서관,서울특별시 강남구 언주로 314 강남프라자 2층 ,시행중 ,http://library.gangnam.go.kr 
389,서울,서울 강남세곡도서관,"서울특별시 강남구 밤고개로 286, 2층  ",시행중 ,http://library.gangnam.go.kr 
388,서울,서울 강남삼성도서관,"서울특별시 강남구 봉은사로616, 4층(삼성동) ",시행중 ,http://library.gangnam.go.kr 
387,서울,서울 강남대치1작은도서관,"서울특별시 강남구 남부순환로 391길 19,(대치동) 대치1문화센터 지하1층 ",시행중 ,http://library.gangnam.go.kr 
386,서울,서울 강남논현정보도서관,"서울특별시 강남구 학동로 169, 3층 (논현동) ",시행중 ,http://library.gangnam.go.kr 
385,서울,서울 강남못골도서관,서울특별시 강남구 자곡로 116 ,시행중 ,http:library.gangnam.go.kr 
384,서울,서울 강남못골한옥어린이도서관,서울특별시 강남구 자곡로 7길 3 ,시행중 ,http://library.gangnam.go.kr 
383,서울,서울 강남행복한도서관,서울특별시 강남구 영동대로 65길 24 ,시행중 ,http://library.gangnam.go.kr 
382,서울,서울 강남청담도서관,서울특별시 강남구 압구정로 79길 26 청담동주민센터 7층 ,시행중 ,http://library.gangnam.go.kr 
381,서울,서울 강남즐거운도서관,"서울특별시 강남구 도곡로77길23, 4층 ",시행중 ,http://library.gangnam.go.kr 
380,서울,서울 강남정다운도서관,서울특별시 강남구 학동로67길 11 청담평생학습관 3층 ,시행중 ,http:library.gangnam.go.kr 
379,서울,서울 강남역삼푸른솔도서관,"서울특별시 강남구 테헤란로 8길 36,4층 역삼동 ",시행중 ,http://library.gangnam.go.kr 
378,서울,서울 강남역삼도서관,"서울특별시 강남구 역삼로7길 16, 5층 역삼도서관 ",시행중 ,http://library.gangnam.go.kr 
377,서울,서울 강남대치도서관,서울특별시 강남구 삼성로 212 은마복지상가 2층 215호 ,시행중 ,http://library.gangnam.go.kr 
376,서울,서울 강남논현도서관,서울특별시 강남구 학동로 43길 17 6층 ,시행중 ,http://library.gangnam.go.kr 
375,서울,서울 영등포구구민회관작은도서관,서울특별시 영등포구 국회대로 596 ,시행중 ,http://little.dllib.or.kr 
374,서울,서울 영등포구영등포동작은도서관,"서울특별시 영등포구 국회대로44길 4, 1층 ",시행중 ,https://www.ydplib.or.kr/small/index.do 
373,서울,서울 영등포구신길6동작은도서관,"서울특별시 영등포구 대방천로 193, 지하1층 ",시행중 ,https://www.ydplib.or.kr/small/index.do 
372,서울,서울 영등포구신길2동청소년문화의집작은도서관,서울특별시 영등포구 영등포로64길 15 ,시행중 ,https://www.ydplib.or.kr/small/index.do 
371,서울,서울 영등포구도림동작은도서관,"서울특별시 영등포구 도신로33길 4, 1층 ",시행중 ,http://little.dllib.or.kr 
370,서울,서울 교육청영등포평생학습관,서울특별시 영등포구 버드나루로 15길 10 ,시행중 ,http:ydplic.sen.go.kr 
369,서울,서울 교육청마포평생학습관아현분관,서울특별시 마포구 마포대로 224 ,시행중 ,http:ahyon.sen.go.kr 
368,서울,서울 교육청마포평생학습관,서울특별시 마포구 홍익로2길 16  ,시행중 ,http:mpllc.sen.go.kr 
367,서울,서울 교육청노원평생학습관,서울특별시 노원구 동일로 204길 13 ,시행중 ,http:nwllc.sen.go.kr 
366,서울,서울 교육청종로도서관,서울특별시 종로구 사직로9길 15-14 ,시행중 ,http:jnlib.sen.go.kr 
365,서울,서울 교육청정독도서관,서울특별시 종로구 북촌로5길 48 ,시행중 ,http:jdlib.sen.go.kr 
364,서울,서울 교육청용산도서관,서울특별시 용산구 두텁바위로 160 ,시행중 ,http:yslib.sen.go.kr 
363,서울,서울 교육청어린이도서관,서울특별시 종로구 사직동9길 7 ,시행중 ,http:chlib.sen.go.kr 
362,서울,서울 교육청양천도서관,서울특별시 양천구 목동서로 113 ,시행중 ,http:yclib.sen.go.kr 
361,서울,서울 교육청서대문도서관,서울특별시 서대문구 모래내로 412 ,시행중 ,http:sdmlib.sen.go.kr 
360,서울,서울 교육청동작도서관,서울특별시 동작구 장승배기로 94  ,시행중 ,http:djlib.sen.go.kr 
359,서울,서울 교육청동대문도서관,서울특별시 동대문구 천호대로 4길 22 ,시행중 ,http:ddmlib.sen.go.kr 
358,서울,서울 교육청도봉도서관,서울특별시 도봉구 삼양로 556 ,시행중 ,http:dobong.sen.go.kr 
357,서울,서울 교육청남산도서관,서울특별시 용산구 소월로 109  ,시행중 ,http:nslib.sen.go.kr 
356,서울,서울 교육청구로도서관,서울특별시 구로구 공원로 15 ,시행중 ,http://grlib.sen.go.kr 
355,서울,서울 교육청고척도서관,서울특별시 구로구 고척로45길 31 ,시행중 ,http:gclib.sen.go.kr 
354,서울,서울 교육청개포도서관,서울특별시 강남구 선릉로4길 30 ,시행중 ,http:gplib.sen.go.kr 
353,서울,서울 교육청강서도서관,"서울특별시 강서구 등촌로51나길 29 (등촌동, 강서도서관) ",시행중 ,http:gslib.sen.go.kr 
352,서울,서울 교육청강동도서관,서울특별시 강동구 양재대로116길 57 ,시행중 ,http:gdlib.sen.go.kr 
351,서울,서울 교육청강남도서관,서울특별시 강남구 선릉로 116길45 ,시행중 ,http:gnlib.sen.go.kr 
350,서울,서울 구로구우신고등학교도서관,서울특별시 구로구 부일로 917 별관2층 ,시행중 ,http://lib.guro.go.kr/ 
349,서울,서울 구로구고척교회도서관책마을,서울특별시 구로구 중앙로79 고척교회 ,시행중 ,http://lib.guro.go.kr/ 
348,서울,서울 교육청송파도서관,서울특별시 송파구 동남로 263 ,시행중 ,http:splib.sen.go.kr 
347,서울,서울 구로구구로구청행정자료실,서울특별시 구로구 가마산로245 본관6층 ,시행중 ,http://lib.guro.go.kr/ 
346,서울,서울 구로구신도림고등학교도서관,서울특별시 구로구 경인로67길 159 ,시행중 ,http://lib.guro.go.kr/ 
345,서울,서울 구로구옹달샘작은도서관,서울특별시 구로구 천왕로56 천왕이펜하우스 3단지 307동 ,시행중 ,http://lib.guro.go.kr/ 
344,서울,서울 구로구광진도서실,"서울특별시 구로구 개봉로3길 100-10, 광진교회 ",시행중 ,http://lib.guro.go.kr/ 
343,서울,서울 구로구수궁동새마을작은도서관,서울특별시 구로구 오리로15길 32 ,시행중 ,http://lib.guro.go.kr/ 
342,서울,서울 구로구오류2동새마을작은도서관,서울특별시 구로구 오리로10길 44-5 ,시행중 ,http://lib.guro.go.kr/ 
341,서울,서울 구로구오류1동새마을작은도서관,서울특별시 구로구 경인로 27길 10 ,시행중 ,http://lib.guro.go.kr/ 
340,서울,서울 구로구개봉3동새마을작은도서관,서울특별시 구로구 개봉로3길 47-5 ,시행중 ,http://lib.guro.go.kr/ 
339,서울,서울 구로구개봉2동새마을작은도서관,서울특별시 구로구 개봉로16가길 17 ,시행중 ,http://lib.guro.go.kr/ 
338,서울,서울 구로구고척2동새마을작은도서관,서울특별시 구로구 중앙로15길 22 ,시행중 ,http://lib.guro.go.kr/ 
337,서울,서울 구로구가리봉동새마을작은도서관,"서울특별시 구로구 디지털로19길 22,다붓다붓 마을활력소 ",시행중 ,http://lib.guro.go.kr/ 
336,서울,서울 구로구구로4동새마을작은도서관,서울특별시 구로구 구로동로28길 94 ,시행중 ,http://lib.guro.go.kr/ 
335,서울,서울 구로구구로2동새마을작은도서관,서울특별시 구로구 구로동로50길 10 ,시행중 ,http://lib.guro.go.kr/ 
334,서울,서울 구로구구로1동새마을작은도서관,서울특별시 구로구 구일로4길 57 ,시행중 ,http://lib.guro.go.kr/ 
333,서울,서울 구로구신도림동새마을작은도서관,서울특별시 구로구 신도림로 40 ,시행중 ,http://lib.guro.go.kr/ 
332,서울,서울 구로구신도림어린이영어작은도서관,서울특별시 구로구 신도림로 40 ,시행중 ,http://lib.guro.go.kr/ 
331,서울,서울 구로구궁동어린이도서관,서울특별시 구로구 구로구 오리로 1352 ,시행중 ,http://lib.guro.go.kr/ 
330,서울,서울 구로구글마루한옥어린이도서관,서울특별시 구로구 고척로27바길 7 ,시행중 ,http://lib.guro.go.kr/ 
329,서울,서울 구로구개봉도서관,서울특별시 구로구 개봉로16길 30-11 ,시행중 ,http://lib.guro.go.kr/ 
328,서울,서울 구로구하늘도서관,서울특별시 구로구 구로동로13길 68 ,시행중 ,http://lib.guro.go.kr/ 
327,서울,서울 구로구립온누리도서관,서울특별시 구로구 구로중앙로27나길 9 ,시행중 ,http:lib.guro.go.kr 
326,서울,서울 중랑구 망우본동 작은도서관,서울특별시 중랑구 망우동 340-17 ,시행중 ,"http://smlib.jungnanglib,seoul.kr "
325,서울,서울 중랑구 묵2동 작은도서관,서울특별시 중랑구 묵2동 243-1 ,시행중 ,"http://smlib.jungnanglib,seoul.kr "
324,서울,서울 중랑구 묵1동 작은도서관,서울특별시 중랑구 묵1동 174-3 ,시행중 ,"http://smlib.jungnanglib,seoul.kr "
323,서울,서울 중랑구 면목7동 작은도서관,서울특별시 중랑구 면목7동 626-11 ,시행중 ,"http://smlib.jungnanglib,seoul.kr "
322,서울,서울 중랑구 상봉1동 작은도서관,서울특별시 중랑구 상봉1동 204-1 ,시행중 ,"http://smlib.jungnanglib,seoul.kr "
321,서울,서울 도담도담한옥도서관,서울특별시 종로구 숭인동길 43 ,시행중 ,http://lib.jongno.go.kr 
320,서울,서울 삼청공원숲속도서관,서울특별시 종로구 북촌로 134-3 (삼청공원내) ,시행중 ,http://lib.jongno.go.kr 
319,서울,서울 숭인마루작은도서관,서울특별시 종로구 지봉로86(숭인1동 주민센터3층) ,시행중 ,http://lib.jongno.go.kr 
318,서울,서울 창이작은도서관,서울특별시 종로구 창신길62 (창신2동 주민센터2층) ,시행중 ,http://lib.jongno.go.kr 
317,서울,서울 창신1동하람작은도서관,서울특별시 종로구 지봉로 8-6(창신1동 주민센터 2층) ,시행중 ,http://lib.jongno.go.kr 
316,서울,서울 혜화마을북카페,서울특별시 종로구 혜화로 12 (혜화동 자치회관 4층) ,시행중 ,http://lib.jongno.go.kr 
315,서울,서울 이화마을작은도서관,서울특별시 종로구 이화동 이화장길 33(이화동 주민센터 2층) ,시행중 ,http://lib.jongno.go.kr 
314,서울,서울 지혜만들기작은도서관,"서울특별시 종로구 종로35가길 19(종로5,6가동 주민센터3층) ",시행중 ,http://lib.jongno.go.kr 
313,서울,서울 홍파랑북카페,서울특별시 종로구 송월길 154(교남동 주민센터 2층) ,시행중 ,http://lib.jongno.go.kr 
312,서울,서울 무악다솜방,서울특별시 종로구 무악동 주민센터2층 ,시행중 ,http://lib.jongno.go.kr 
311,서울,서울 꿈꾸는평창동작은도서관,서울특별시 종로구 세검정로 347(평창동 주민센터 2층) ,시행중 ,http://lib.jongno.go.kr 
310,서울,서울 청운효자동북카페,서울특별시 종로구 자하문로 92(청운효자동 주민센터2층) ,시행중 ,http://lib.jongno.go.kr 
309,서울,서울 통인어린이작은도서관,서울특별시 종로구 자하문로 13길 20 ,시행중 ,http://lib.jongno.go.kr 
308,서울,서울 작은도서관삼봉서랑,서울특별시 종로구 종로구청 본관1층 ,시행중 ,http://lib.jongno.go.kr 
307,서울,서울 아름꿈도서관,서울특별시 종로구 종로58가길 19 ,시행중 ,http://lib.jongno.go.kr 
306,서울,서울 청운문학도서관,서울특별시 종로구 자하문로 36길 40 ,시행중 ,http://lib.jongno.go.kr 
305,서울,서울 중랑구 망우3동 작은도서관,서울특별시 중랑구 망우3동 454-7 ,시행중 ,"http://smlib.jungnanglib,seoul.kr "
304,서울,서울 중랑구 중화1동 작은도서관,서울특별시 중랑구 중화1동 287-3 ,시행중 ,"http://smlib.jungnanglib,seoul.kr "
303,서울,서울 중랑구 면목2동 작은도서관,서울특별시 중랑구 면목2동 180-8 ,시행중 ,"http://smlib.jungnanglib,seoul.kr "
302,서울,서울 내곡동작은도서관,서울특별시 서초구 염곡말길 9 ,시행중 ,http://booklove.seocho.go.kr 
301,서울,서울 양재2동작은도서관,서울특별시 서초구 강남대로12길 44 ,시행중 ,http://booklove.seocho.go.kr 
300,서울,서울 양재1동작은도서관,서울특별시 서초구 바우뫼로 41 ,시행중 ,http://booklove.seocho.go.kr 
299,서울,서울 방배4동작은도서관,서울특별시 서초구 방배로27길 13 ,시행중 ,http://booklove.seocho.go.kr 
298,서울,서울 방배도서관,서울특별시 서초구 방배로 40 4층 ,시행중 ,http://booklove.seocho.go.kr 
297,서울,서울 방배2동작은도서관,서울특별시 서초구 청두곶길 36 ,시행중 ,http://booklove.seocho.go.kr 
296,서울,서울 방배1동작은도서관,서울특별시 서초구 효령로29길 43 ,시행중 ,http://booklove.seocho.go.kr 
295,서울,서울 방배본동작은도서관,서울특별시 서초구 동광로19길 38 ,시행중 ,http://booklove.seocho.go.kr 
294,서울,서울 반포4동작은도서관,서울특별시 서초구 사평대로 98 ,시행중 ,http://booklove.seocho.go.kr 
293,서울,서울 반포3동작은도서관,서울특별시 서초구 신반포로23길 78 ,시행중 ,http://booklove.seocho.go.kr 
292,서울,서울 반포2동작은도서관,서울특별시 서초구 신반포로15길 16 ,시행중 ,http://booklove.seocho.go.kr 
291,서울,서울 반포1동작은도서관,서울특별시 서초구 사평대로 273 ,시행중 ,http://booklove.seocho.go.kr 
290,서울,서울 반포본동작은도서관,서울특별시 서초구 신반포로 10 ,시행중 ,http://booklove.seocho.go.kr 
289,서울,서울 잠원도서관,서울특별시 서초구 나루터로 38 ,시행중 ,http://booklove.seocho.go.kr 
288,서울,서울 서초4동작은도서관,"서울특별시 서초구 서운로26길 3, 2층 ",시행중 ,http://booklove.seocho.go.kr 
287,서울,서울 서초3동작은도서관,"서울특별시 서초구 반포대로 58, 주민공동시설 2층 ",시행중 ,http://booklove.seocho.go.kr 
286,서울,서울 서이도서관,서울특별시 서초구 서초대로70길 51 ,시행중 ,http://booklove.seocho.go.kr 
285,서울,서울 서초1동작은도서관,서울특별시 서초구 사임당로 89 ,시행중 ,http://booklove.seocho.go.kr 
284,서울,서울 서초구립반포도서관,서울특별시 서초구 고무래로 34  ,시행중 ,http://banpolib.or.kr 
283,서울,서울 중곡문화체육센터도서관,서울특별시 광진구 능동로 433 (중곡동) ,시행중 ,http://www.gwangjinlib.seoul.kr/ 
282,서울,서울 자양제4동도서관,서울특별시 광진구 뚝섬로26길 58 (자양동) ,시행중 ,http://www.gwangjinlib.seoul.kr/ 
281,서울,서울 구의3동도서관,서울특별시 광진구 강변역로 17 (구의동) ,시행중 ,http://www.gwangjinlib.seoul.kr/ 
280,서울,서울 광진정보도서관,서울특별시 광진구 아차산로78길 90 (광장동) ,시행중 ,http:www.gwangjinlib.seoul.kr 
279,서울,서울 중랑구 겸재작은도서관,서울특별시 중랑구 면목동 1031-22 ,시행중 ,https://www.jungnanglib.seoul.kr/small/menu/10824/program/30075/publicSmallLibList.do 
278,서울,서울 중랑구 장미작은도서관,서울특별시 중랑구 중화동 346 ,시행중 ,https://www.jungnanglib.seoul.kr/small/menu/10824/program/30075/publicSmallLibList.do 
277,서울,서울 중랑구 데시앙책울터 작은도서관,서울특별시 중랑구 용마산로 669 ,시행중 ,https://www.jungnanglib.seoul.kr/small/program/privateSmallLibList.do?dongCd=SN1 
276,서울,서울 중랑구 신내2동 북카페,서울특별시 중랑구 신내2동 665 ,시행중 ,"http://smlib.jungnanglib,seoul.kr "
275,서울,서울 중랑구 신내1동 작은도서관,서울특별시 중랑구 신내1동 448-1 ,시행중 ,"http://smlib.jungnanglib,seoul.kr "
274,서울,서울 중랑구 중화2동 작은도서관,서울특별시 중랑구 중화2동 310-62 ,시행중 ,"http://smlib.jungnanglib,seoul.kr "
273,서울,서울 중랑구 면목5동 작은도서관,서울특별시 중랑구 면목5동 175-18 ,시행중 ,"http://smlib.jungnanglib,seoul.kr "
272,서울,서울 중랑구 면목4동 작은도서관,서울특별시 중랑구 면목4동 378-9 ,시행중 ,"http://smlib.jungnanglib,seoul.kr "
271,서울,서울 중랑구 면목3.8동 작은도서관,서울특별시 중랑구 면목3.8동 498-6 ,시행중 ,"http://smlib.jungnanglib,seoul.kr "
270,서울,서울 영등포구영등포본동작은도서관,"서울특별시 영등포구 신길로61길 17, 3층 ",시행중 ,https://www.ydplib.or.kr/small/index.do 
269,서울,서울 영등포구여의동작은도서관,"서울특별시 영등포구 국제금융로 124, 여의동 주민센터 3층 ",시행중 ,https://www.ydplib.or.kr/small/index.do 
268,서울,서울 영등포구양평2동작은도서관,"서울특별시 영등포구 선유로53길 20-7, 3층 ",시행중 ,https://www.ydplib.or.kr/small/index.do 
267,서울,서울 영등포구양평1동작은도서관,서울특별시 영등포구 영등포로11길 12 ,시행중 ,https://www.ydplib.or.kr/small/index.do 
266,서울,서울 영등포구신길7동마음서랍작은도서관,"서울특별시 영등포구 여의대방로43길 10, 5층 ",시행중 ,https://www.ydplib.or.kr/small/index.do 
265,서울,서울 영등포구신길5동꿈터마을도서관,"서울특별시 영등포구 도림로 264, 신길5동 주민센터 1층 ",시행중 ,https://www.ydplib.or.kr/small/index.do 
264,서울,서울 영등포구신길4동드나드리마을도서관,"서울특별시 영등포구 신길로42길 1, 신길4동 주민센터 3층 ",시행중 ,https://www.ydplib.or.kr/small/index.do 
263,서울,서울 영등포구신길3동생각나무마을도서관,"서울특별시 영등포구 신길로41라길 13-8, 2층 ",시행중 ,https://www.ydplib.or.kr/small/index.do 
262,서울,서울 영등포구신길1동작은도서관,"서울특별시 영등포구 영등포로84길 24-5, 2층 ",시행중 ,https://www.ydplib.or.kr/small/index.do 
261,서울,서울 영등포구문래동작은도서관,서울특별시 영등포구 도림로141가길 16 ,시행중 ,http://little.dllib.or.kr 
260,서울,서울 영등포구목화마을작은도서관,서울특별시 영등포구 선유로13길 25 218호 ,시행중 ,http://little.dllib.or.kr 
259,서울,서울 영등포구대림3동작은도서관,"서울특별시 영등포구 대림로 197, 2층 ",시행중 ,http://little.dllib.or.kr 
258,서울,서울 영등포구대림2동작은도서관,"서울특별시 영등포구 대림로23길 25, 3층 ",시행중 ,http://little.dllib.or.kr 
257,서울,서울 영등포구대림1동작은도서관,"서울특별시 영등포구 디지털로 441, 지하 1층 ",시행중 ,http://little.dllib.or.kr 
256,서울,서울 영등포구당산2동작은도서관,"서울특별시 영등포구 당산로41가길 7, 3층 ",시행중 ,http://little.dllib.or.kr 
255,서울,서울 영등포구당산1동작은도서관,"서울특별시 영등포구 영등포로25길 24, 지하1층 ",시행중 ,http://little.dllib.or.kr 
254,서울,서울 선유도서관,서울특별시 영등포구 선유로 43가길 10-8 ,시행중 ,https://www.ydplib.or.kr/sylib/index.do 
253,서울,서울 대림도서관,서울특별시 영등포구 도신로 27 ,시행중 ,https://www.ydplib.or.kr/drlib/index.do 
252,서울,서울 문래도서관,서울특별시 영등포구 문래로20길 49 ,시행중 ,https://www.ydplib.or.kr/mllib/index.do 
251,서울,서울 여의샛강도서관,서울특별시 영등포구 여의대로 24 ,시행중 ,https://www.ydplib.or.kr/yulib/index.do 
250,서울,서울 늘푸른열린작은도서관,"서울특별시 서대문구 수색로 100-55, 북가좌1동주민센터 2층 ",시행중 ,http://lib.sdm.or.kr 
249,서울,서울 파랑새작은도서관,"서울특별시 서대문구 모래내로 15길 37, 남가좌1동주민센터 2층 ",시행중 ,http://lib.sdm.or.kr 
248,서울,서울 꿈이있는작은도서관,"서울특별시 서대문구 통일로34길 27, 홍제2동주민센터 2층 ",시행중 ,http://lib.sdm.or.kr 
247,서울,서울 햇살작은도서관,"서울특별시 서대문구 세검정로1길 45, 홍은1동 자치회관 2층 ",시행중 ,http://lib.sdm.or.kr 
246,서울,서울 중랑구 나무그늘 작은도서관,서울특별시 중랑구 신내역로165(신내동) ,시행중 ,"http://smlib.jungnanglib,seoul.kr "
245,서울,서울 중랑구 상봉2동 작은도서관,서울특별시 중랑구 상봉2동 125-8 ,시행중 ,"http://smlib.jungnanglib,seoul.kr "
244,서울,서울 이팝꽃향기작은도서관,서울특별시 서대문구 불광천길 204(증산2교 옆) ,시행중 ,http://lib.sdm.or.kr 
243,서울,서울 새싹작은도서관,"서울특별시 서대문구 통일로27길 19, 홍제1동 자치회관 ",시행중 ,http://lib.sdm.or.kr 
242,서울,서울 행복작은도서관,"서울특별시 서대문구 모래내로 334, 홍은2동주민센터 3층 ",시행중 ,http://lib.sdm.or.kr 
241,서울,서울 홍은도담도서관,서울특별시 서대문구 홍은중앙로 129 ,시행중 ,http://lib.sdm.or.kr 
240,서울,서울 은평뉴타운도서관,서울특별시 은평구 진관2로 111-51 (진관동 93) ,시행중 ,http://www.enlib.or.kr 
239,서울,서울 신사어린이도서관,서울특별시 은평구 은평로 38 ,시행중 ,http://lib.eplib.or.kr/ 
238,서울,서울 이문체육문화센터어린이도서관,서울특별시 동대문구 한천로58길 81-49 ,시행중 ,http://tour.ddm.go.kr/culture/library_3 
237,서울,서울 증산정보도서관,서울특별시 은평구 증산로5길 6 ,시행중 ,http:www.jsplib.or.kr 
236,서울,서울 청량리가온누리작은도서관,서울특별시 동대문구 전농동 591-52 ,시행중 ,https://www.l4d.or.kr 
235,서울,서울 장안벚꽃길작은도서관,서울특별시 동대문구 장안동 481-2 ,시행중 ,https://www.l4d.or.kr 
234,서울,서울 용두어린이영어도서관,서울특별시 동대문구 무학로 133 ,시행중 ,https://www.l4d.or.kr 
233,서울,서울 장안어린이도서관,서울특별시 동대문구 장한로26다길 10 ,시행중 ,https://www.l4d.or.kr 
232,서울,서울 동대문구정보화도서관,서울특별시 동대문구 회기로10길 60(청량리동) ,시행중 ,https://www.l4d.or.kr 
231,서울,서울 응암정보도서관,서울특별시 은평구 가좌로 7길 15 ,시행중 ,http:www.ealib.or.kr 
230,서울,서울 중랑숲 어린이도서관,서울특별시 중랑구 망우로73길 46-1 ,시행중 ,https://www.jungnanglib.seoul.kr 
229,서울,서울 중랑구립 면목정보도서관,서울특별시 중랑구 면목로 397 ,시행중 ,"https://	www.jungnanglib.seoul.kr "
228,서울,서울 중랑구립 정보도서관,서울특별시 중랑구 신내 15길 197 ,시행중 ,https://www.jungnanglib.seoul.kr 
227,서울,서울 북아현마을북카페,"서울특별시 서대문구 북아현로 24, 북아현동주민센터 3층 ",시행중 ,http://lib.sdm.or.kr 
226,서울,서울 가슴따뜻한작은도서관,"서울특별시 서대문구 응암로1길 10, 북가좌2동주민센터 2층 ",시행중 ,http://lib.sdm.or.kr 
225,서울,서울 문화촌어린이도서관,"서울특별시 서대문구 세검정로4길 32, 홍제3동주민센터 3층 ",시행중 ,http://lib.sdm.or.kr 
224,서울,서울 아이누리작은도서관,"서울특별시 서대문구 증가로 13-10, 연희동자치회관 ",시행중 ,http://lib.sdm.or.kr 
223,서울,서울 하늘샘작은도서관,"서울특별시 서대문구 독립문로 27, 천연보건분소 1층 ",시행중 ,http://lib.sdm.or.kr 
222,서울,서울 알음알음작은도서관,"서울특별시 서대문구 경기대로 40, 충현동자치회관 ",시행중 ,http://lib.sdm.or.kr 
221,서울,서울 남가좌새롬어린이도서관,서울특별시 서대문구 증가로10길 16-15 ,시행중 ,http://lib.sdm.or.kr 
220,서울,서울 구립이진아기념도서관,서울특별시 서대문구 독립공원길 80 ,시행중 ,http:lib.sdm.or.kr 
219,서울,서울도서관,서울특별시 중구 세종대로 110 ,시행중 , 
218,서울,서울 구립상림도서관,서울특별시 은평구 진관4로 48-25 ,시행중 ,http://lib.eplib.or.kr/ 
217,서울,서울 구산동도서관마을,서울특별시 은평구 연서로13길 29-23 ,시행중 ,http:lib.eplib.or.kr 
216,서울,서울 녹번만화도서관,서울특별시 은평구 은평로 245 ,시행중 ,http://lib.eplib.or.kr/ 
215,서울,서울 불광천작은도서관,서울특별시 은평구 불광천길 370 ,시행중 ,http://lib.eplib.or.kr 
214,서울,서울 은평구립도서관,서울특별시 은평구 통일로78가길 13-84 ,시행중 ,http:www.eplib.or.kr 
213,서울,서울 배봉산자연드림작은도서관,서울특별시 동대문구 전농로 16길 97 ,시행중 ,https://www.l4d.or.kr 
212,서울,서울 중화 어린이도서관,서울특별시 중랑구 중랑역로 3길 28 ,시행중 ,https://www.jungnanglib.seoul.kr 
211,서울,서울 휘경어린이도서관,서울특별시 동대문구 망우로18가길 38 ,시행중 ,https://www.l4d.or.kr 
210,서울,서울 답십리도서관,서울특별시 동대문구 서울특별시립대로4길 75(답십리동) ,시행중 ,https://www.l4d.or.kr 
209,서울,서울 이문어린이도서관,서울특별시 동대문구 천장산로9길 68 ,시행중 ,https://www.l4d.or.kr 
208,서울,서울 중곡4동새마을작은도서관,서울특별시 광진구 긴고랑로 131(중곡동) ,시행중 ,http://smalllib.gwangjin.go.kr 
207,서울,서울 중곡3동새마을작은도서관,서울특별시 광진구 동일로76가길 28(중곡동) ,시행중 ,http://smalllib.gwangjin.go.kr 
206,서울,서울 중곡2동새마을작은도서관,서울특별시 광진구 능동로 346(중곡동) ,시행중 ,http://smalllib.gwangjin.go.kr 
205,서울,서울 중곡1동새마을작은도서관,서울특별시 광진구 긴고랑로12길 49(중곡동) ,시행중 ,http://smalllib.gwangjin.go.kr 
204,서울,서울 군자동새마을작은도서관,서울특별시 광진구 군자로 151(군자동) ,시행중 ,http://smalllib.gwangjin.go.kr 
203,서울,서울 화양동새마을작은도서관,서울특별시 광진구 능동로17길 39(화양동) ,시행중 ,http://smalllib.gwangjin.go.kr 
202,서울,서울 동작구행복한래미안작은도서관,서울특별시 동작구 상도로53길 8 ,시행중 ,http://lib.dongjak.go.kr 
201,서울,서울 동작구주님의숲작은도서관,서울특별시 동작구 사당로 17길 31 ,시행중 ,http://lib.dongjak.go.kr 
200,서울,서울 동작구신대방2동작은도서관,서울특별시 동작구 여의대방로24길 76 ,시행중 ,http://lib.dongjak.go.kr 
199,서울,서울 동작구신대방1동작은도서관,서울특별시 동작구 신대방길 72 ,시행중 ,http://lib.dongjak.go.kr 
198,서울,서울 동작구대방동작은도서관,서울특별시 동작구 여의대방로44길 20 ,시행중 ,http://lib.dongjak.go.kr 
197,서울,서울 동작구사당5동작은도서관,서울특별시 동작구 사당로2가길 219 ,시행중 ,http://lib.dongjak.go.kr 
196,서울,서울 동작구사당4동작은도서관,서울특별시 동작구 사당로16아길 6 ,시행중 ,http://lib.dongjak.go.kr 
195,서울,서울 동작구사당3동작은도서관,서울특별시 동작구 사당로17길 86 ,시행중 ,http://lib.dongjak.go.kr 
194,서울,서울 동작구사당2동작은도서관,서울특별시 동작구 동작대로29길 52 ,시행중 ,http://lib.dongjak.go.kr 
193,서울,서울 동작구사당1동작은도서관,서울특별시 동작구 동작대로17길 28 ,시행중 ,http://lib.dongjak.go.kr 
192,서울,서울 동작구흑석동작은도서관,서울특별시 동작구 흑석한강로 11 ,시행중 ,http://lib.dongjak.go.kr 
191,서울,서울 동작구상도4동작은도서관,서울특별시 동작구 성대로29길 53 ,시행중 ,http://lib.dongjak.go.kr 
190,서울,서울 동작구상도3동작은도서관,서울특별시 동작구 성대로2길 11 ,시행중 ,http:lib.dongjak.go.kr 
189,서울,서울 용꿈꾸는작은도서관,서울특별시 관악구 관악로 145 ,시행중 ,https://lib.gwanak.go.kr/galib/index.do 
188,서울,서울 조원도서관,서울특별시 관악구 조원로 12길 25 ,시행중 ,https://lib.gwanak.go.kr/galib/index.do 
187,서울,서울 은천동작은도서관,서울특별시 관악구 봉천로33나길 30 ,시행중 ,https://lib.gwanak.go.kr/galib/index.do 
186,서울,서울 성현동작은도서관,서울특별시 관악구 관악로37길 56 ,시행중 ,https://lib.gwanak.go.kr/galib/index.do 
185,서울,서울 글빛정보도서관,서울특별시 관악구 신림로30길 23 ,시행중 ,https://lib.gwanak.go.kr/galib/index.do 
184,서울,서울 관악중앙도서관,서울특별시 관악구 신림로3길 35 ,시행중 ,https://lib.gwanak.go.kr/galib/index.do 
183,서울,서울 동작구상도2동작은도서관,서울특별시 동작구 상도로 211 ,시행중 ,http://lib.dongjak.go.kr 
182,서울,서울 동작구상도1동작은도서관,서울특별시 동작구 상도로53길 9 ,시행중 ,http://lib.dongjak.go.kr 
181,서울,서울 동작구노량진2동작은도서관,서울특별시 동작구 장승배기로19길 48 ,시행중 ,http://lib.dongjak.go.kr 
180,서울,서울 동작구노량진1동작은도서관,서울특별시 동작구 장승배기로28길 30 ,시행중 ,http://lib.dongjak.go.kr 
179,서울,서울 동작구국사봉숲속작은도서관,서울특별시 동작구 상도4동 산65-149 ,시행중 ,http://lib.dongjak.go.kr 
178,서울,서울 동작구약수도서관,서울특별시 동작구 양녕로 22바길 64 ,시행중 ,http://lib.dongjak.go.kr 
177,서울,서울 동작구다울작은도서관,서울특별시 동작구 사당로20길 132 ,시행중 ,http://lib.dongjak.go.kr 
176,서울,서울 동작구샘터도서관,서울특별시 동작구 동작대로 29길 63-26 ,시행중 ,http://lib.dongjak.go.kr 
175,서울,서울 동작구대방어린이도서관,서울특별시 동작구 대봉동길 55길 ,시행중 ,http://lib.dongjak.go.kr 
174,서울,서울 동작구영어마루도서관,서울특별시 동작구 장승배기로16길 98 ,시행중 ,http://lib.dongjak.go.kr 
173,서울,서울 동작구사당솔밭도서관,서울특별시 동작구 솔밭로 86 ,시행중 ,http://lib.dongjak.go.kr 
172,서울,서울 송파위례도서관,서울특별시 송파구 장지동 445-1 ,시행중 ,http://www.splib.or.kr/spwlib 
171,서울,서울 갈현1동문화의집,서울특별시 은평구 갈현로 301 ,시행중 ,http://lib.eplib.or.kr/ 
170,서울,서울 은평어린이영어도서관,서울특별시 은평구 서오릉로87 은평구평생학습관내 1층 ,시행중 ,http://lib.eplib.or.kr/ 
169,서울,서울 대조꿈나무어린이도서관,서울특별시 은평구 연서로20길 24-6 ,시행중 ,http://lib.eplib.or.kr/ 
168,서울,서울 은평작은도서관,서울특별시 은평구 은평로 195 (녹번동) 은평구청 1층 ,시행중 ,http://lib.eplib.or.kr/ 
167,서울,서울 자양2동새마을작은도서관,서울특별시 광진구 자양로3가길 26(자양동) ,시행중 ,http://smalllib.gwangjin.go.kr 
166,서울,서울 자양1동새마을작은도서관,서울특별시 광진구 자양로13길 37(자양동) ,시행중 ,http://smalllib.gwangjin.go.kr 
165,서울,서울 광장동새마을작은도서관,서울특별시 광진구 광장로 52(광장동) ,시행중 ,http://smalllib.gwangjin.go.kr 
164,서울,서울 구의1동새마을작은도서관,서울특별시 광진구 자양로28가길 22-3(구의동) ,시행중 ,http://smalllib.gwangjin.go.kr 
163,서울,서울 능동새마을작은도서관,서울특별시 광진구 천호대로112길 55(능동) ,시행중 ,http://smalllib.gwangjin.go.kr 
162,서울,서울 삼각산어린이도서관,"서울특별시 강북구 삼양로19길 34 (미아동)
 ",시행중 ,https://www.gblib.or.kr 
161,서울,서울 미아문화정보도서관,"서울특별시 강북구 솔매로49길 14 (미아동)
 ",시행중 ,https://www.gblib.or.kr 
160,서울,서울 수유문화정보도서관,"서울특별시 강북구 삼양로 299 (수유동)
 ",시행중 ,https://www.gblib.or.kr 
159,서울,서울 송중문화정보도서관,"서울특별시 강북구 도봉로20나길 6 (미아동)
 ",시행중 ,https://www.gblib.or.kr 
158,서울,서울 솔샘문화정보도서관,"서울특별시 강북구 솔샘로 177 (미아동)
 ",시행중 ,https://www.gblib.or.kr 
157,서울,서울 강북문화정보도서관,"서울특별시 강북구 번동 산 27-108번지(오현길 145)
 ",시행중 ,https://www.gblib.or.kr 
156,서울,서울 구로구꿈마을도서관,서울특별시 구로구 디지털로27다길 65 ,시행중 ,http://lib.guro.go.kr/ 
155,서울,서울 양천구신정7동도서방,서울특별시 양천구 목동동로 37 신정7동주민센터 2층 ,시행중 ,http://www.yangcheon.go.kr/lib/libmain/main.do 
154,서울,서울 양천구신정6동도서방,서울특별시 양천구 목동서로 353 신정6동주민센터 2층 ,시행중 ,http://www.yangcheon.go.kr/lib/libmain/main.do 
153,서울,서울 양천구신월7동도서방,서울특별시 양천구 남부순환로 70길 16-3 신월7동주민센터 2층 ,시행중 ,http://www.yangcheon.go.kr/lib/libmain/main.do 
152,서울,서울 양천구새아름작은도서관,"서울특별시 양천구 남부순화로83길 53, 1층 ",시행중 ,http://www.yangcheon.go.kr/lib/libmain/main.do 
151,서울,서울 양천구목1동도서방,서울특별시 양천구 목동서로 192 목1동주민센터 2층 ,시행중 ,https://libop.yangcheon.go.kr 
150,서울,서울 양천구넓은들작은도서관,서울특별시 양천구 남부순환로88길 5-7 넓은들민원센터 2층 ,시행중 ,http://www.yangcheon.go.kr/lib/libmain/main.do 
149,서울,서울 양천구고맙습니다신정3동작은도서관,서울특별시 양천구 중앙로 209 신정3동주민센터 2층 ,시행중 ,http://www.yangcheon.go.kr/lib/libmain/main.do 
148,서울,서울 양천구호롱불작은도서관,서울특별시 양천구 목동동로 154 신정2동주민센터 2층 ,시행중 ,http://www.yangcheon.go.kr/lib/libmain/main.do 
147,서울,서울 양천구그린나래미술도서관,서울특별시 양천구 중앙로32길 1 신정1동주민센터 2층 ,시행중 ,http://www.yangcheon.go.kr/lib/libmain/main.do 
146,서울,서울 양천구지양마을작은도서관,서울특별시 양천구 지양로 17길 33 파크빌라 ,시행중 ,http://www.yangcheon.go.kr/lib/libmain/main.do 
145,서울,서울 양천구달빛마을작은도서관,서울특별시 양천구 남부순환로 54길 5 신월3동주민센터 2층 ,시행중 ,http://www.yangcheon.go.kr/lib/libmain/main.do 
144,서울,서울 양천구고운맘작은도서관,서울특별시 양천구 중앙로 53길 47 신월2동주민센터 2층 ,시행중 ,http://www.yangcheon.go.kr/lib/libmain/main.do 
143,서울,서울 양천구고운달작은도서관,서울특별시 양천구 곰달래로 1길 38 신월1동주민센터 2층 ,시행중 ,http://www.yangcheon.go.kr/lib/libmain/main.do 
142,서울,서울 양천구미감도서관,서울특별시 양천구 목동중앙남로57-10 ,시행중 ,http://www.yangcheon.go.kr/lib/libmain/main.do 
141,서울,서울 양천구목3북카페,서울특별시 양천구 목동중앙남로16나길 55 ,시행중 ,http://www.yangcheon.go.kr/lib/libmain/main.do 
140,서울,서울 양천구달마을작은도서관,서울특별시 양천구 목동중앙본로 120 ,시행중 ,http://www.yangcheon.go.kr/lib/libmain/main.do 
139,서울,서울 양천구해맞이역사도서관,서울특별시 양천구 지양로 37 ,시행중 ,http://www.yangcheon.go.kr/lib/libmain/main.do 
138,서울,서울 양천구양천구영어특성화도서관,서울특별시 양천구 목동동로 81 해누리타운 7층 ,시행중 ,http://www.yangcheon.go.kr/lib/libmain/main.do 
137,서울,서울 양천구개울건강도서관,서울특별시 양천구 중앙로 52길56 ,시행중 ,http://www.yangcheon.go.kr/lib/libmain/main.do 
136,서울,서울 양천구목마교육도서관,서울특별시 양천구 목동서로 41 목5동 주민센터 3층  ,시행중 ,http://www.yangcheon.go.kr/lib/libmain/main.do 
135,서울,서울 양천구신월음악도서관,서울특별시 양천구 오목로 5길 34 ,시행중 ,http://www.yangcheon.go.kr/lib/libmain/main.do 
134,서울,서울 양천구갈산도서관,서울특별시 양천구 목동남로4길 48-6 ,시행중 ,http://www.yangcheon.go.kr/lib/libmain/main.do 
133,서울,서울 구로꿈나무도서관,서울특별시 구로구 구로동로 26길 54 구로구시설관리공단 ,시행중 ,http://lib.guro.go.kr/ 
132,서울,서울 종로구어린이청소년국학도서관,"서울특별시 종로구 명륜길 26, 5층 ",시행중 ,http://lib.jongno.go.kr/ 
131,서울,서울 용산꿈나무도서관,"서울특별시 용산구 백범로 329, 3층 ",시행중 ,https://www.yslibrary.or.kr 
130,서울,서울 강동부엉이작은도서관,"서울특별시 강동구 진황도로23길 7, 2층 (천호동) ",시행중 ,http://www.gdlibrary.or.kr/small 
129,서울,서울 중랑구송곡여자고등학교열린도서관,서울특별시 중랑구 양원역로 67 ,시행중 ,http://smlib.jungnanglib.seoul.kr 
128,서울,서울 강동반딧불작은도서관,"서울특별시 강동구 천호대로187길 6, 2층 (길동) ",시행중 ,http://www.gdlibrary.or.kr/small 
127,서울,서울 강동도담도담북카페,"서울특별시 강동구 양재대로138길 37, 1층 (명일동) ",시행중 ,http://www.gdlibrary.or.kr/small 
126,서울,서울 강동글향기작은도서관,"서울특별시 강동구 구천면로42길 59, 2층 (천호동) ",시행중 ,http://www.gdlibrary.or.kr/small 
125,서울,서울 강동글익는작은도서관,"서울특별시 강동구 고덕로 137, 암사3동주민센터 3층 (암사동) ",시행중 ,http://www.gdlibrary.or.kr/small 
124,서울,서울 강동글마루작은도서관,"서울특별시 강동구 아리수로78길 43-12, 2층 (고덕동) ",시행중 ,http://www.gdlibrary.or.kr/small 
123,서울,서울 강동글고운작은도서관,"서울특별시 강동구 성내로 13, 2층 (성내동) ",시행중 ,http://www.gdlibrary.or.kr/small 
122,서울,서울 강동가람슬기작은도서관,"서울특별시 강동구 강동대로53길 76, 1층 (성내동) ",시행중 ,http://www.gdlibrary.or.kr/small 
121,서울,서울 강동햇살작은도서관,"서울특별시 강동구 천중로17길 42-16, 2층 (천호동) ",시행중 ,http://www.gdlibrary.or.kr/small 
120,서울,서울 강동해오름작은도서관,"서울특별시 강동구 상암로3길 28, 2층 (암사동) ",시행중 ,http://www.gdlibrary.or.kr/small 
119,서울,서울 강동파랑새작은도서관,"서울특별시 강동구 천호대로186길 7, 1층 (둔촌동) ",시행중 ,http://www.gdlibrary.or.kr/small 
118,서울,서울 강동구립작은도서관웃는책,서울특별시 강동구 구천면로42길 60 (천호동) ,시행중 ,http://www.gdlibrary.or.kr/small 
117,서울,서울 강동채우리작은도서관,"서울특별시 강동구 고덕로24길 49, 1층 (암사동) ",시행중 ,http://www.gdlibrary.or.kr/small 
116,서울,서울 강동안말작은도서관,"서울특별시 강동구 풍성로37가길 62, 2층 (성내동) ",시행중 ,http://www.gdlibrary.or.kr/small 
115,서울,서울 강동아람작은도서관,"서울특별시 강동구 양재대로84길 31, 2층 (둔촌동) ",시행중 ,http://www.gdlibrary.or.kr/small 
114,서울,서울 강동솔향기북카페,"서울특별시 강동구 고덕로97길 20, 관리사무소 2층 (강일동, 강일리버파크10단지아파트) ",시행중 ,http://www.gdlibrary.or.kr/small 
113,서울,서울 강동서원마을작은도서관,"서울특별시 강동구 올림픽로 936, 2층 (암사동) ",시행중 ,http://www.gdlibrary.or.kr/small 
112,서울,서울 강동구립천호도서관,서울특별시 강동구 성안로31마길 3 2층 ,시행중 ,http://www.gdlibrary.or.kr 
111,서울,서울 강동구립해공도서관,서울특별시 강동구 올림픽로 702(천호동 360) ,시행중 ,http://www.gdlibrary.or.kr 
110,서울,서울 강동구립암사도서관,서울특별시 강동구 암사동 471-37번지 ,시행중 ,http://www.gdlibrary.or.kr 
109,서울,서울 강동구립강일도서관,"서울특별시 강동구 강일동 678 강일동주민센터 내 4,5층 ",시행중 ,http://www.gdlibrary.or.kr 
108,서울,서울 강동구립성내도서관,서울특별시 강동구 성안로 106-1 ,시행중 ,http://www.gdlibrary.or.kr 
107,서울,서울 구의2동새마을작은도서관,서울특별시 광진구 천호대로 136길 55(구의동) ,시행중 ,http://smalllib.gwangjin.go.kr 
106,서울,서울 금천구립맑은누리작은도서관,서울특별시 금천구 시흥대로58길36 ,시행중 ,http://geumcheonlib.seoul.kr 
105,서울,서울 금천구립은행나무어린이도서관,서울특별시 금천구 탑골로 43-8 ,시행중 ,http://geumcheonlib.seoul.kr 
104,서울,서울 금천구립미래향기작은도서관,서울특별시 금천구 독산로179 ,시행중 ,http:geumcheonlib.seoul.kr 
103,서울,서울 금천구립나누리작은도서관,서울특별시 금천구 금하로23길 40 ,시행중 ,http://geumcheonlib.seoul.kr 
102,서울,서울 금천구립책읽는주민사랑방작은도서관,서울특별시 금천구 금하로 21길 20 ,시행중 ,http://geumcheonlib.seoul.kr 
101,서울,서울 금천구립책이든거리작은도서관,서울특별시 금천구 벚꽃로 115 ,시행중 ,http://geumcheonlib.seoul.kr 
100,서울,서울 금천구립참새작은도서관,서울특별시 금천구 한내로 69-15 ,시행중 ,http://geumcheonlib.seoul.kr 
99,서울,서울 금천구립소망의나무어린이작은도서관,서울특별시 금천구 금하로11길 22 ,시행중 ,http://geumcheonlib.seoul.kr 
98,서울,서울 금천구립꿈씨어린이작은도서관,서울특별시 금천구 독산로232 2층 ,시행중 ,http://geumcheonlib.seoul.kr 
97,서울,서울 금천구립꿈꾸는작은도서관,서울특별시 금천구 시흥대로 18길40 3층 ,시행중 ,http://geumcheonlib.seoul.kr 
96,서울,서울 금천구립해오름작은도서관,서울특별시 금천구 시흥대로123길 11 ,시행중 ,http://geumcheonlib.seoul.kr 
95,서울,서울 금천구립청개구리작은도서관,서울특별시 금천구 독산로317 ,시행중 ,http://geumcheonlib.seoul.kr 
94,서울,서울 금천구립도란도란작은도서관,서울특별시 금천구 독산로36길 14 ,시행중 ,http://geumcheonlib.seoul.kr 
93,서울,서울 금천구립독산공공도서관,서울특별시 금천구 독산로54길 114 ,시행중 ,http:geumcheonlib.seoul.kr 
92,서울,서울 금천구립시흥공공도서관,서울특별시 금천구 금하로 764 ,시행중 ,http:geumcheonlib.seoul.kr 
91,서울,서울 금천구립금나래공공도서관,서울특별시 금천구 시흥대로73길 70 ,시행중 ,http:geumcheonlib.seoul.kr 
90,서울,서울 금천구립가산공공도서관,서울특별시 금천구 가산로5길 43 ,시행중 ,http:geumcheonlib.seoul.kr 
89,서울,서울 동작구청정보자료실,서울특별시 동작구 장승배기로 161 6층 ,시행중 , 
88,서울,서울 은평매바위북카페,서울특별시 은평구 백련산로 100 ,시행중 ,http://lib.eplib.or.kr 
87,서울,서울 은평시루뫼쉼터,서울특별시 은평구 증산서길 89 ,시행중 ,http://lib.eplib.or.kr 
86,서울,서울 동작구행복지원센터작은도서관,서울특별시 동작구 노량진로 140 2층 ,시행중 , 
85,서울,서울 동작구아트앤힐링작은도서관,서울특별시 동작구 보라매로 76 4층 ,시행중 ,http://lib.dongjak.go.kr 
84,서울,서울 동작구담소작은도서관,서울특별시 동작구 강남초등길 24 3층 ,시행중 ,http://lib.dongjak.go.kr 
83,서울,서울 동작구지혜샘터작은도서관,서울특별시 동작구 상도로34길 34 ,시행중 ,http://lib.dongjak.go.kr 
82,서울,서울 동작구상도중앙작은도서관,서울특별시 동작구 상도로15가길 16 ,시행중 ,http://lib.dongjak.go.kr 
81,서울,서울 동작구성대골어린이도서관,서울특별시 동작구 성대로12길 1 ,시행중 ,http://lib.dongjak.go.kr 
80,서울,서울 중랑구스마트도서관,서울특별시 중랑구 봉화산로 179 ,시행중 ,https://smlib.jungnanglib.seoul.kr 
79,서울,서울 북서울중학교,서울특별시 도봉구 도봉로169가길 33 ,시행중 ,http://www.bukseoul.ms.kr/index.do 
78,서울,서울 가락몰도서관,서울특별시 송파구 양재대로 932 서울특별시농수산식품공사 가락몰 업무동 4층 ,시행중 ,http://www.splib.or.kr/spalib/index.jsp 
77,서울,서울 돌마리도서관,서울특별시 송파구 백제고분로 37길 16 ,시행중 ,http://www.splib.or.kr/spdlib/index.jsp 
76,서울,서울 송파어린이영어도서관,서울특별시 송파구 신천동 14 (오금로1) 신천빗물펌프장 4~5층 ,시행중 ,http://www.splib.or.kr/spelib/index.jsp 
75,서울,서울 소나무언덕잠실본동도서관,서울특별시 송파구 탄천동로 211 (잠실동 306번지) 잠실빗물펌프장 관사동 ,시행중 ,http://www.splib.or.kr/spmlib/index.jsp 
74,서울,서울 소나무언덕4호작은도서관,서울특별시 송파구 송이로 34 ,시행중 ,http://www.splib.or.kr/sp4lib/index.jsp 
73,서울,서울 소나무언덕3호작은도서관,서울특별시 송파구 성내천로 319 ,시행중 ,http://www.splib.or.kr/sp3lib/index.jsp 
72,서울,서울 소나무언덕2호도서관,서울특별시 송파구 석촌호수로 155 ,시행중 ,http://www.splib.or.kr/sp2lib/index.jsp 
71,서울,서울 소나무언덕1호작은도서관,서울특별시 송파구 올림픽로47길9 ,시행중 ,http://www.splib.or.kr/sp1lib/index.jsp 
70,서울,서울 거마도서관,서울특별시 송파구 거마로2길19 ,시행중 ,http://www.splib.or.kr/spglib/index.jsp 
69,서울,서울 송파글마루도서관,서울특별시 송파구 충민로 120 ,시행중 ,http://www.splib.or.kr/spjlib/index.jsp 
68,서울,서울 송파어린이도서관,서울특별시 송파구 올림픽로 105 ,시행중 ,http://www.splib.or.kr/spclib/index.jsp  
67,서울,서울 우리소리도서관,서울특별시 종로구 삼일대로 30길 47 ,시행중 ,http://lib.jongno.go.kr/ 
66,서울,서울 용산구작은도서관꿈꾸는책마을,서울특별시 용산구 장문로 95(보광동주민센터)1층 ,시행중 ,http://lib.yongsan.go.kr/ 
65,서울,서울 용산구서빙고동작은도서관,서울특별시 용산구 서빙고로 279(서빙고동주민센터)1층 ,시행중 ,http://lib.yongsan.go.kr/ 
64,서울,서울 용산구한남동작은도서관,서울특별시 용산구 이태원로224-19(한남동공영주차장)2층 ,시행중 ,http://lib.yongsan.go.kr/ 
63,서울,서울 용산구회나무작은도서관,서울특별시 용산구 회나무로13길58(이태원2동주민센터)1층 ,시행중 ,http://lib.yongsan.go.kr/ 
62,서울,서울 용산구이촌2동작은도서관,서울특별시 용산구 이촌로18길 20(이촌2동주민센터)2층 ,시행중 ,http://lib.yongsan.go.kr/ 
61,서울,서울 용산구한강로동작은도서관,서울특별시 용산구 한강대로38길 28(한강로동주민센터)3층 ,시행중 ,http://lib.yongsan.go.kr/ 
60,서울,서울 용산구용마루어린이도서관,서울특별시 용산구 새창로12길13(용문동주민센터)1층 ,시행중 ,http://lib.yongsan.go.kr/ 
59,서울,서울 용산구효창동작은도서관,서울특별시 용산구 효창원로161(효창동주민센터)3층 ,시행중 ,http://lib.yongsan.go.kr/ 
58,서울,서울 용산구원효로제2동작은도서관두드림,서울특별시 용산구 효창원로8길 3(원효2동주민센터)4층 ,시행중 ,http://lib.yongsan.go.kr/ 
57,서울,서울 용산구남영동작은도서관,서울특별시 용산구 두텁바위로1길 13(갈월경로당)B1 ,시행중 ,http://lib.yongsan.go.kr/ 
56,서울,서울 용산구해다올작은도서관,서울특별시 용산구 신흥로90(용산2가동주민센터)B1 ,시행중 ,http://lib.yongsan.go.kr/ 
55,서울,서울 용산구후암동작은도서관북앤캠프,서울특별시 용산구 후암로32-6(후암동주민센터)2층  ,시행중 ,http://lib.yongsan.go.kr/ 
54,서울,서울 용산구용암어린이영어도서관,"서울특별시 용산구 신흥로3가길 21-7, 2층 ",시행중 ,http://lib.yongsan.go.kr/ 
53,서울,서울 용산구청파어린이영어도서관,"서울특별시 용산구 청파로 49길 34, 4층 ",시행중 ,http://lib.yongsan.go.kr/ 
52,서울,서울 동대문책마당도서관,"서울특별시 동대문구 천호대로 145, 1층 ",시행중 , 
51,서울,서울 이문2동작은도서관,서울특별시 동대문구 신이문로 27-5 이문2동주민센터 ,시행중 , 
50,서울,서울 중랑구양원숲속도서관,서울특별시 중랑구 망우동 송림길 172 ,시행중 ,http:www.jungnanglib.seoul.krywlib 
49,서울,서울 마포구립초록숲작은도서관,서울특별시 마포구 마포대로 11길 44-81 ,시행중 ,https:mplib.mapo.go.krlibsmall 
48,서울,서울 청량리동작은도서관,서울특별시 동대문구 왕산로43다길 5 청량리동주민센터 ,시행중 , 
47,서울,서울 장안1동작은도서관,서울특별시 동대문구 장한로26가길 113 ,시행중 , 
46,서울,서울 전농2동작은도서관,서울특별시 동대문구 사가정로 137 ,시행중 , 
45,서울,서울 휘경1동작은도서관,서울특별시 동대문구 외대역동로6길3 ,시행중 , 
44,서울,서울 휘경2동작은도서관,서울특별시 동대문구 한천로329 ,시행중 , 
43,서울,서울 이문1동작은도서관,서울특별시 동대문구 외대역동로114-1 ,시행중 , 
42,서울,서울 답십리2동작은도서관,서울특별시 동대문구 한천로11길18 ,시행중 , 
41,서울,서울 은평내를건너서숲으로도서관,서울특별시 은평구 신사동 산80-66 ,시행중 ,http:www.nslib.or.kr 
40,서울,서울 서초그림책도서관,서울특별시 서초구 서초동 1498-4 교통섬 일대 ,시행중 , 
39,서울,서울 서초구립내곡도서관,서울특별시 서초구 청계산로7길 9-20 ,시행중 ,http://naegok.seocholib.or.kr 
38,서울,서울 창동육아종합센터,서울특별시 도봉구 우이천로 4길 24-5 ,시행중 ,http://www.unilib.dobong.kr/ 
37,서울,서울 방학동육아종합센터,서울특별시 도봉구 방학로12길 28(방학동) ,시행중 ,http://www.unilib.dobong.kr/ 
36,서울,서울 창5동작은도서관,"서울특별시 도봉구 도봉로 136나길 20, 창5동 주민센터 3층 ",시행중 ,http://www.unilib.dobong.kr/ 
35,서울,서울 창4동작은도서관,"서울특별시 도봉구 노해로69길 103, 동아청솔아파트 관리사무소 지하1층 ",시행중 ,http://www.unilib.dobong.kr/ 
34,서울,서울 창3동작은도서관,"서울특별시 도봉구 덕릉로62길 89, 창3동 주민센터 3층 ",시행중 ,http://www.unilib.dobong.kr/ 
33,서울,서울 창2동작은도서관,"서울특별시 도봉구 덕릉로 59길 73-3, 창2동 주민센터 2층 ",시행중 ,http://www.unilib.dobong.kr/ 
32,서울,서울 창1동작은도서관,"서울특별시 도봉구 해등로 46, 창1동 주민센터 2층 ",시행중 ,http://www.unilib.dobong.kr/ 
31,서울,서울 쌍문4동작은도서관,"서울특별시 도봉구 시루봉로 62-7, 쌍문4동 주민센터 2층 ",시행중 ,http://www.unilib.dobong.kr/ 
30,서울,서울 쌍문3동작은도서관,"서울특별시 도봉구 노해로44길 9, 쌍문3동 주민센터 2층 ",시행중 ,http://www.unilib.dobong.kr/ 
29,서울,서울 쌍문2동작은도서관,"서울특별시 도봉구 방학로3길 117, 쌍문2동 주민센터 7층 ",시행중 ,http://www.unilib.dobong.kr/ 
28,서울,서울 쌍문1동작은도서관,"서울특별시 도봉구 노해로 147, 쌍문1동 주민센터 2층 ",시행중 ,http://www.unilib.dobong.kr/ 
27,서울,서울 도봉김수영문학도서관,"서울특별시 도봉구 해등로32길 80, 김수영문학관 3층 ",시행중 ,http://www.unilib.dobong.kr/ 
26,서울,서울 방학2동작은도서관,"서울특별시 도봉구 시루봉로 226, 방학2동 주민센터 2층 ",시행중 ,http:www.unilib.dobong.kr 
25,서울,서울 방학1동작은도서관,"서울특별시 도봉구 방학로2길 27, 방학1동 주민센터 2층 ",시행중 ,http://www.unilib.dobong.kr/ 
24,서울,서울 용산청파도서관,"서울특별시 용산구 청파로93길 27, 1층 ",시행중 ,https://www.yslibrary.or.kr 
23,서울,서울 마포푸르메어린이도서관,서울특별시 마포구 월드컵북로 494 ,시행중 ,http://libpu.mapo.go.kr/ 
22,서울,서울 마포꿈나래어린이영어도서관,서울특별시 마포구 월드컵로13길 80 ,시행중 , 
21,서울,서울 마포어린이영어도서관,서울특별시 마포구 도화4길 53 ,시행중 , 
20,서울,서울 마포용강동작은도서관,"서울특별시 마포구 토정로31길 31, 용강동복합청사 2층 ",시행중 ,http://libsmall.mapo.go.kr 
19,서울,서울 마포복사골작은도서관,서울특별시 마포구 도화4길 53 2층(도화동 357-8) ,시행중 ,http://libsmall.mapo.go.kr 
18,서울,서울 마포늘푸른소나무작은도서관,"서울특별시 마포구 백범로 227, 2층 ",시행중 ,http://libsmall.mapo.go.kr 
17,서울,서울 마포성산글마루작은도서관,서울특별시 마포구 월드컵북로 235 ,시행중 ,http://libsmall.mapo.go.kr 
16,서울,서울 마포성메작은도서관,서울특별시 마포구 월드컵북로30길 22 성산2동 주민센터 2층 ,시행중 ,http://libsmall.mapo.go.kr 
15,서울,서울 마포해오름작은도서관,"서울특별시 마포구 신촌로26길 10, 2층 ",시행중 ,http:libsmall.mapo.go.kr 
14,서울,서울 마포꿈을이루는작은도서관,서울특별시 마포구 마포대로 7길 18 아현동 주민센터 2층 ,시행중 ,http://libsmall.mapo.go.kr 
13,서울,서울 마포아름드리작은도서관,"서울특별시 마포구 방울내로7길 11, 망원2동 주민센터 1층 ",시행중 ,http://libsmall.mapo.go.kr 
12,서울,서울 마포구립서강도서관,서울특별시 마포구 독막로 165 ,시행중 ,http://sglib.mapo.go.kr 
11,서울,서울 마포중앙도서관,서울특별시 마포구 성산로 128 ,시행중 ,http://mplib.mapo.go.kr 
10,서울,서울 도봉2동작은도서관,"서울특별시 도봉구 마들로 668, 도봉2동 주민센터 3층 ",시행중 ,http://www.unilib.dobong.kr/ 
9,서울,서울 도봉1동작은도서관,"서울특별시 도봉구 도봉로169나길 22, 도봉1동 주민센터 2층 ",시행중 ,http://www.unilib.dobong.kr/ 
8,서울,서울 도봉지혜의등대작은도서관,서울특별시 도봉구 도봉로 552 ,시행중 ,http://www.dobongsiseol.or.kr 
7,서울,서울 둘리도서관,서울특별시 도봉구 시루봉로1길 6 ,시행중 ,http://www.unilib.dobong.kr/main.do 
6,서울,서울 무수골도서관,서울특별시 도봉구 도봉로175길 10 3층 ,시행중 ,http://cafe.daum.net/dongbong1kidlib 
5,서울,서울 학마을도서관,서울특별시 도봉구 시루봉로 128 ,시행중 ,http://www.unilib.dobong.kr/main.do 
4,서울,서울 도봉기적의도서관,서울특별시 도봉구 마들로797 ,시행중 ,http://www.unilib.dobong.kr/main.do 
3,서울,서울 도봉아이나라도서관,서울특별시 도봉구 노해로69길 151 ,시행중 ,http://www.unilib.dobong.kr/main.do 
2,서울,서울 도봉문화정보도서관,서울특별시 도봉구 덕릉로 315 ,시행중 ,http://www.unilib.dobong.kr/main.do 
1,서울,서울 자양4동새마을작은도서관,서울특별시 광진구 아차산로24길 17(자양동) ,시행중 ,http://smalllib.gwangjin.go.kr 
,,,,,
,,,,,
,,,,,
